DF,SP,KL,ZG,MW,LF
10.0,10.0,10.0,10.0,10.0,10.0
6.95,5.750000000000001,6.8500000000000005,5.742000000000001,6.95,5.7940000000000005
7.0,5.95,6.95,5.95,7.0,5.95
7.0,5.95,7.0,5.942,7.0,5.962
7.0,5.9,6.95,5.892,7.0,5.912
7.0,5.8500000000000005,6.9,5.8420000000000005,7.0,5.894
6.95,5.750000000000001,6.8500000000000005,5.742000000000001,6.95,5.7940000000000005
